mop_id,lat,lon,shore_normal,depth
D0149,32.6577,-117.1675,237.84,10.07
D0150,32.65828,-117.16789,236.5,10.0
D0151,32.65869,-117.16827,233.59,10.0
D0152,32.65955,-117.1684,232.47,10.01
D0153,32.66091,-117.16875,235.53,10.0
D0154,32.66129,-117.16934,232.9,10.0
D0155,32.6614,-117.16954,227.5,10.0
D0156,32.66144,-117.16961,221.77,10.0
D0157,32.66181,-117.17036,219.95,10.0
D0158,32.66293,-117.17136,223.47,10.0
D0159,32.66359,-117.17211,224.02,10.0
D0160,32.66434,-117.17306,225.51,10.0
D0161,32.665,-117.17371,225.06,10.01
D0162,32.66535,-117.17413,221.97,10.0
D0163,32.66603,-117.17516,223.47,10.0
D0164,32.66677,-117.17582,224.03,10.0
D0165,32.66732,-117.17667,223.99,9.99
D0166,32.66795,-117.17755,223.99,10.0
D0167,32.66838,-117.17811,221.99,10.0
D0168,32.66898,-117.17891,221.99,10.0
D0169,32.66932,-117.17988,221.5,10.0
D0170,32.67014,-117.18089,223.54,10.0
D0171,32.67053,-117.18182,223.51,10.01
D0172,32.67101,-117.18287,223.99,10.0
D0173,32.67148,-117.18382,223.53,10.0
D0174,32.67172,-117.18452,221.52,10.0
D0175,32.67268,-117.18633,227.02,10.0
D0176,32.67335,-117.18748,228.8,10.0
D0177,32.67361,-117.18781,226.01,10.0
D0178,32.6737,-117.18798,221.17,10.0
D0179,32.67395,-117.18846,218.97,10.0
D0180,32.67356,-117.19032,219.0,10.0
D0181,32.67358,-117.1912,217.42,10.0
D0182,32.67358,-117.1912,213.2,10.0
D0183,32.67358,-117.1912,208.26,10.0
D0184,32.67167,-117.19366,208.52,9.98
D0185,32.67143,-117.19467,207.46,10.0
D0186,32.67143,-117.19467,203.84,10.0
D0187,32.67131,-117.19493,200.99,10.0
D0188,32.67089,-117.19557,198.98,10.0
D0189,32.67,-117.1963,197.07,10.07
D0190,32.67,-117.1963,193.81,10.07
D0191,32.67,-117.1963,190.82,10.07
D0192,32.66875,-117.19797,191.51,10.0
D0193,32.66637,-117.20069,194.0,10.0
D0194,32.66417,-117.20184,192.81,9.98
D0195,32.66417,-117.20184,190.69,9.98
D0196,32.66417,-117.20184,188.36,9.98
D0197,32.66417,-117.20184,186.26,9.98
D0198,32.66417,-117.20184,184.0,9.98
D0199,32.66417,-117.20184,181.74,9.98
D0200,32.66417,-117.20184,179.67,9.98
D0201,32.66219,-117.2031,180.0,10.0
D0202,32.66098,-117.20365,179.0,10.0
D0203,32.66098,-117.20365,177.19,10.0
D0204,32.66098,-117.20365,175.19,10.0
D0205,32.66098,-117.20365,173.21,10.0
D0206,32.66098,-117.20365,171.39,10.0
D0207,32.66098,-117.20365,169.44,10.0
D0208,32.66098,-117.20365,167.64,10.0
D0209,32.66098,-117.20365,165.73,10.0
D0470,32.84706,-117.28466,307.74,10.01
D0471,32.84706,-117.28466,298.2,10.01
D0472,32.84706,-117.28466,288.16,10.01
D0473,32.84716,-117.28461,279.0,10.01
D0474,32.849,-117.28314,295.0,10.01
D0475,32.85074,-117.28047,327.03,10.0
D0476,32.8508,-117.27929,327.91,10.01
D0477,32.8508,-117.27895,315.58,10.02
D0478,32.8511,-117.27818,310.37,10.01
D0479,32.85167,-117.27721,311.53,10.79
D0480,32.85155,-117.27496,327.9,10.02
D0481,32.85173,-117.27367,353.67,10.0
D0482,32.85196,-117.27228,18.41,10.01
D0483,32.85239,-117.2711,17.83,10.02
D0484,32.8525,-117.27031,11.09,10.1
D0485,32.85296,-117.26805,28.52,10.02
D0486,32.85275,-117.26695,29.06,9.95
D0487,32.85275,-117.26695,15.64,9.95
D0488,32.85275,-117.26695,3.04,9.95
D0489,32.85275,-117.26695,350.46,9.95
D0490,32.85275,-117.26695,339.59,9.95
D0491,32.85275,-117.26695,327.17,9.95
D0492,32.85275,-117.26695,315.21,9.95
D0493,32.85263,-117.26555,314.07,10.06
D0494,32.85355,-117.26485,317.44,10.04
D0495,32.85409,-117.26365,321.91,10.02
D0496,32.85459,-117.26301,318.39,10.08
D0497,32.85494,-117.26282,307.39,10.12
D0498,32.8556,-117.2625,304.0,9.31
D0499,32.85648,-117.2625,300.48,9.69
D0500,32.85734,-117.26248,299.45,10.1
D0501,32.85821,-117.2625,297.48,10.0
D0502,32.85913,-117.26227,297.5,10.04
D0503,32.85993,-117.26167,297.99,9.61
D0504,32.86043,-117.2613,293.97,10.0
D0505,32.86093,-117.26124,288.0,10.01
D0506,32.86187,-117.26109,287.99,10.0
D0507,32.86259,-117.26105,286.06,10.0
D0508,32.86306,-117.26102,280.93,10.01
D0509,32.86372,-117.26099,278.01,10.01
D0510,32.86457,-117.26091,278.53,10.01
D0511,32.86588,-117.26069,282.99,10.01
D0512,32.86682,-117.26036,283.5,10.04
D0513,32.86741,-117.25968,280.99,10.0
D0514,32.86818,-117.25865,281.06,10.02
D0515,32.86894,-117.25761,281.03,9.97
D0516,32.86976,-117.2572,281.93,9.92
D0517,32.87054,-117.25677,280.5,9.99
D0518,32.87148,-117.25658,281.04,10.1
D0519,32.87284,-117.25565,296.07,10.07
D0520,32.87402,-117.25539,300.38,10.01
D0521,32.8743,-117.25552,289.4,10.09
D0522,32.87489,-117.25573,282.54,10.0
D0523,32.87579,-117.25639,280.47,10.21
D0524,32.8765,-117.25648,277.56,9.93
D0525,32.8768,-117.25659,270.0,10.0
D0526,32.87703,-117.25679,262.02,10.02
D0527,32.87763,-117.25723,258.98,10.05
D0528,32.87838,-117.25806,258.51,9.99
D0529,32.87941,-117.25881,261.52,10.01
D0530,32.88008,-117.25908,259.62,10.01
D0531,32.88077,-117.25925,257.51,9.99
D0532,32.88163,-117.25938,257.02,9.99
D0533,32.88214,-117.25946,253.01,10.0
D0534,32.88385,-117.2597,261.53,10.01
D0535,32.88535,-117.25984,267.54,10.0
D0536,32.88625,-117.25986,267.52,10.0
D0537,32.8874,-117.2599,270.0,10.01
D0538,32.88805,-117.25993,267.54,10.02
D0539,32.8884,-117.2599,262.02,10.02
D0540,32.88957,-117.25987,264.51,10.0
D0541,32.891,-117.25976,270.0,10.0
D0542,32.8919,-117.25989,270.0,10.01
D0543,32.8928,-117.26005,270.0,10.0
D0544,32.8937,-117.26013,270.0,10.01
D0545,32.8946,-117.26019,270.0,10.02
D0546,32.8955,-117.26034,270.0,10.0
D0547,32.8964,-117.26055,270.0,10.01
D0548,32.89719,-117.2607,268.99,10.01
D0549,32.89752,-117.26078,263.82,10.0
D0550,32.89828,-117.26088,262.46,10.0
D0551,32.89912,-117.26106,262.0,10.01
D0552,32.90001,-117.26133,261.99,10.01
D0553,32.90091,-117.26144,262.0,9.99
D0554,32.90154,-117.26159,259.55,10.01
D0555,32.90238,-117.26178,259.01,10.0
D0556,32.90291,-117.26211,256.03,10.0
D0557,32.90316,-117.2622,250.99,10.01
D0558,32.90383,-117.26237,248.51,10.0
D0559,32.9046,-117.2625,247.5,9.83
D0560,32.90602,-117.26315,253.48,10.01
DN130,41.66066,-124.14645,246.02,15.01
DN131,41.66129,-124.14697,239.62,15.01
DN132,41.66472,-124.14814,252.99,15.0
DN133,41.66772,-124.1475,261.61,15.0
DN134,41.66772,-124.1475,249.31,15.0
DN135,41.66772,-124.1475,236.33,15.0
DN136,41.67217,-124.14854,265.45,15.0
DN137,41.67761,-124.14989,298.01,15.0
DN138,41.67778,-124.14991,287.57,15.01
DN139,41.67778,-124.14991,275.79,15.01
DN140,41.67778,-124.14991,264.0,15.01
DN141,41.67778,-124.14991,252.62,15.01
DN142,41.67905,-124.14966,248.03,15.01
DN143,41.68108,-124.15026,251.46,15.0
DN144,41.68227,-124.15053,251.34,15.01
DN145,41.68227,-124.15053,239.21,15.01
DN146,41.68595,-124.15329,259.54,15.01
DN147,41.69044,-124.15392,280.24,15.01
DN148,41.69044,-124.15392,270.93,15.01
DN149,41.69175,-124.15422,271.0,15.01
DN150,41.69285,-124.15462,267.29,15.01
DN151,41.69315,-124.15474,259.52,15.01
DN152,41.69604,-124.15678,268.52,15.0
DN153,41.69958,-124.15972,279.67,15.0
DN154,41.69958,-124.15972,272.04,15.0
DN155,41.69958,-124.15972,264.21,15.0
DN156,41.70045,-124.16025,260.47,15.0
DN157,41.701,-124.16049,255.5,15.0
DN158,41.70419,-124.16158,262.49,15.0
DN159,41.70788,-124.16338,271.51,15.0
DN160,41.70826,-124.16349,266.41,15.0
DN161,41.70826,-124.16349,259.66,15.0
DN162,41.70826,-124.16349,252.81,15.0
DN163,41.70948,-124.16395,250.52,15.0
DN164,41.7112,-124.16517,251.0,15.0
DN165,41.71242,-124.16573,249.0,15.0
DN166,41.71359,-124.16666,247.49,15.0
DN167,41.71503,-124.16749,246.5,15.0
DN168,41.71646,-124.16813,245.48,15.0
DN169,41.71723,-124.16883,241.89,15.0
DN170,41.71844,-124.17047,241.51,15.0
DN171,41.72034,-124.17236,243.49,15.01
DN172,41.72096,-124.17372,240.56,15.01
DN173,41.72171,-124.17476,238.0,15.0
DN174,41.72242,-124.17552,235.0,15.0
DN175,41.72242,-124.17552,228.98,15.0
DN176,41.72242,-124.17552,223.14,15.0
DN177,41.72242,-124.17552,217.58,15.0
DN178,41.72242,-124.17552,211.99,15.0
DN179,41.72242,-124.17552,206.92,15.0
DN180,41.72242,-124.17552,201.85,15.0
DN181,41.72242,-124.17552,196.96,15.0
DN182,41.72242,-124.17552,192.43,15.0
DN183,41.72242,-124.17552,187.79,15.0
DN184,41.72242,-124.17552,183.36,15.0
DN185,41.72242,-124.17552,178.69,15.0
DN186,41.72242,-124.17552,174.12,15.0
DN187,41.72242,-124.17552,170.8,15.0
DN188,41.72242,-124.17552,167.0,15.0
DN189,41.72242,-124.17552,163.13,15.0
DN190,41.72242,-124.17552,157.7,15.0
DN191,41.72242,-124.17552,151.7,15.0
DN192,41.72684,-124.1825,155.5,14.59
DN193,41.72899,-124.18946,172.98,15.0
DN194,41.7303,-124.19456,191.54,15.0
DN195,41.73313,-124.19858,215.99,15.0
DN196,41.73606,-124.20078,239.46,15.58
DN197,41.73563,-124.20667,239.97,15.06
DN198,41.73767,-124.20782,243.0,14.99
DN199,41.73864,-124.21002,241.97,15.02
DN200,41.73883,-124.21043,232.43,15.01
DN201,41.73885,-124.21232,227.48,15.01
DN202,41.73951,-124.21324,223.01,15.01
DN203,41.74035,-124.21405,218.51,15.02
DN204,41.74083,-124.21484,212.79,15.13
DN205,41.74137,-124.21505,204.51,15.01
DN206,41.74193,-124.21536,196.49,15.01
DN207,41.74203,-124.21543,187.1,15.0
DN208,41.74501,-124.22175,216.54,15.01
DN209,41.74839,-124.22804,248.52,15.01
DN210,41.74839,-124.22804,240.49,15.01
DN211,41.74839,-124.22804,231.44,15.01
DN212,41.74889,-124.22839,224.55,15.01
DN213,41.75219,-124.23055,236.56,15.02
DN214,41.75421,-124.23447,246.44,15.0
DN215,41.75421,-124.23447,236.61,15.0
DN216,41.75421,-124.23447,226.9,15.0
DN217,41.75351,-124.23701,222.0,15.0
DN218,41.75417,-124.23888,220.53,14.98
DN219,41.755,-124.2418,222.52,12.15
DN220,41.75602,-124.243,220.51,15.03
DN221,41.7575,-124.24182,212.52,14.14
DN222,41.75785,-124.24414,212.02,14.99
DN223,41.75824,-124.24618,210.8,15.03
DN224,41.75824,-124.24618,203.31,15.03
DN225,41.75824,-124.24618,196.43,15.03
DN226,41.75824,-124.24618,189.51,15.03
HU503,40.7155,-124.27864,301.5,15.01
HU504,40.71664,-124.27635,302.01,15.0
HU505,40.71812,-124.27576,300.52,15.0
HU506,40.71965,-124.27441,300.5,15.0
HU507,40.721,-124.27334,299.47,15.13
HU508,40.72224,-124.27207,297.99,15.0
HU509,40.72412,-124.27048,300.54,15.0
HU510,40.72624,-124.26968,302.47,15.0
HU511,40.72727,-124.26802,300.48,15.0
HU512,40.72874,-124.26727,299.54,15.0
HU513,40.73016,-124.26614,298.47,15.0
HU514,40.73171,-124.26538,297.51,15.01
HU515,40.73326,-124.26417,297.48,15.04
HU516,40.73497,-124.26333,297.52,15.01
HU517,40.73667,-124.26248,297.53,15.03
HU518,40.73817,-124.26167,296.48,15.08
HU519,40.7398,-124.26073,296.52,15.01
HU520,40.74163,-124.2597,297.5,15.01
HU521,40.7433,-124.25878,297.5,15.0
HU522,40.74466,-124.25708,297.48,15.0
HU523,40.74616,-124.25623,296.51,15.0
HU524,40.74761,-124.25568,294.98,15.01
HU525,40.74942,-124.25495,295.52,15.0
HU526,40.75107,-124.25432,294.51,15.0
HU527,40.75259,-124.25351,294.0,15.0
HU528,40.75392,-124.25266,292.51,15.01
HU529,40.75421,-124.25257,284.77,15.01
HU530,40.75421,-124.25257,275.86,15.01
HU531,40.75421,-124.25257,268.21,15.01
HU532,40.7563,-124.2352,-999.99,18.06
HU533,40.7577,-124.2363,-999.99,17.53
HU534,40.759,-124.2379,-999.99,17.6
HU535,40.7603,-124.2395,-999.99,17.43
HU536,40.7616,-124.2411,-999.99,16.02
HU537,40.7629,-124.2428,-999.99,15.46
HU538,40.76432,-124.24519,281.34,14.64
HU539,40.7656,-124.2447,-999.99,16.69
HU540,40.7668,-124.2431,-999.99,19.72
HU541,40.76817,-124.24175,284.79,15.0
HU542,40.77676,-124.24277,343.01,15.0
HU543,40.77917,-124.23586,8.64,15.01
HU544,40.77917,-124.23586,1.66,15.01
HU545,40.77917,-124.23586,356.1,15.01
HU546,40.77917,-124.23586,350.95,15.01
HU547,40.77917,-124.23586,344.08,15.01
HU548,40.77917,-124.23586,336.71,15.01
HU549,40.77917,-124.23586,329.62,15.01
HU550,40.77917,-124.23586,321.71,15.01
HU551,40.77917,-124.23586,313.16,15.01
HU552,40.77917,-124.23586,303.85,15.01
HU553,40.77967,-124.23489,298.52,15.0
HU554,40.78091,-124.23315,298.01,15.0
HU555,40.78225,-124.23163,297.5,15.0
HU556,40.78407,-124.22979,300.52,15.0
HU557,40.786,-124.22826,303.55,15.0
HU558,40.78725,-124.22721,301.49,15.0
HU559,40.78832,-124.2264,297.5,15.0
HU560,40.78998,-124.22512,298.51,15.01
HU561,40.79163,-124.22348,300.51,15.0
HU562,40.79283,-124.22211,298.52,15.0
HU563,40.79427,-124.22082,297.99,15.0
HU564,40.79593,-124.21948,299.02,15.0
HU565,40.79749,-124.21843,299.01,15.01
HU566,40.79899,-124.2183,295.99,15.0
HU567,40.80073,-124.21739,296.03,15.01
HU568,40.80262,-124.21581,299.53,15.01
HU569,40.80405,-124.21463,298.45,15.0
HU570,40.80555,-124.21367,297.5,15.0
HU571,40.80702,-124.21266,296.49,15.01
HU572,40.80843,-124.2118,295.0,15.0
HU573,40.81001,-124.21067,294.54,15.01
HU574,40.8119,-124.20962,296.47,15.01
HU575,40.81377,-124.20879,297.47,15.02
HU576,40.81554,-124.20812,297.47,15.0
HU577,40.81694,-124.20718,295.99,15.0
HU578,40.81856,-124.20599,296.51,15.01
HU579,40.8204,-124.20462,298.5,15.0
HU580,40.82215,-124.20403,297.96,15.01
HU581,40.82338,-124.2029,295.97,15.01
HU582,40.82476,-124.20202,294.47,15.0
HU583,40.82642,-124.20088,294.51,15.0
HU584,40.82838,-124.20016,295.99,15.0
HU585,40.83001,-124.19914,295.99,15.0
HU586,40.83151,-124.19811,295.5,15.0
HU587,40.83326,-124.19703,296.5,15.01
HU588,40.8345,-124.19593,294.48,15.0
HU589,40.83615,-124.1954,293.5,15.0
HU590,40.83815,-124.19423,296.03,15.0
HU591,40.83971,-124.19329,295.5,15.0
HU592,40.8413,-124.19249,294.52,15.0
HU593,40.84308,-124.19147,295.53,15.0
HU594,40.8446,-124.19054,294.97,15.0
HU595,40.84623,-124.1896,294.48,15.0
HU596,40.84777,-124.18871,293.96,15.01
HU597,40.84953,-124.18768,294.52,15.01
HU598,40.85147,-124.18649,296.5,15.0
HU599,40.85296,-124.18571,295.5,15.0
HU600,40.85433,-124.18485,294.03,15.0
HU601,40.85595,-124.18398,293.55,15.0
HU602,40.85782,-124.18297,294.99,15.0
HU603,40.8596,-124.18191,295.52,15.01
HU604,40.86095,-124.18121,293.51,15.01
HU605,40.86245,-124.18038,292.52,15.0
HU606,40.86456,-124.1792,295.48,15.0
HU607,40.86588,-124.1785,293.51,15.01
HU608,40.86707,-124.17783,290.49,15.0
HU609,40.86908,-124.17677,292.53,15.01
HU610,40.87088,-124.1758,293.51,15.01
HU611,40.87258,-124.1749,293.52,15.0
HU612,40.87406,-124.17414,292.51,15.01
HU613,40.87542,-124.17348,290.54,15.0
HU614,40.87728,-124.17249,291.5,15.02
HU615,40.87909,-124.17164,291.99,15.0
HU616,40.88048,-124.17101,290.51,15.01
HU617,40.88094,-124.17074,283.5,15.01
HU618,40.88282,-124.16982,284.47,15.01
HU619,40.88602,-124.16833,293.5,14.99
HU620,40.88823,-124.16727,296.53,15.0
HU621,40.88921,-124.16682,292.48,15.0
HU622,40.89042,-124.16634,289.51,15.01
HU623,40.89214,-124.1656,289.53,15.01
HU624,40.89384,-124.16481,289.52,15.01
HU625,40.89554,-124.16404,289.48,15.0
HU626,40.89708,-124.16335,288.52,15.0
HU627,40.8986,-124.16273,287.5,15.0
HU628,40.9002,-124.162,287.02,15.0
HU629,40.90216,-124.16119,287.98,14.99
HU630,40.90397,-124.16042,288.51,15.0
HU631,40.90551,-124.15987,287.5,15.01
HU632,40.9072,-124.15914,287.49,15.0
HU633,40.90908,-124.15839,288.47,15.0
HU634,40.91056,-124.15791,286.96,15.0
HU635,40.91233,-124.15717,286.97,15.01
HU636,40.91426,-124.15647,288.02,15.01
HU637,40.91581,-124.15597,287.03,15.01
HU638,40.91705,-124.15546,284.51,14.99
HU639,40.91864,-124.15488,283.52,15.0
HU640,40.92081,-124.1542,285.99,15.0
HU641,40.92253,-124.15363,285.95,15.01
HU642,40.92451,-124.15291,286.98,15.0
HU643,40.92645,-124.15224,288.02,15.0
HU644,40.92781,-124.15184,286.02,15.0
HU645,40.92923,-124.15138,284.5,15.01
HU646,40.93074,-124.15089,282.98,15.0
HU647,40.93242,-124.15027,282.48,15.0
HU648,40.93412,-124.14972,282.52,15.01
HU649,40.93589,-124.14909,282.48,15.01
HU650,40.93759,-124.14856,282.51,15.0
HU651,40.93956,-124.14793,283.49,15.0
HU652,40.94156,-124.14734,284.99,15.0
HU653,40.94329,-124.14687,284.51,15.01
HU654,40.94501,-124.14637,284.51,15.0
HU655,40.94722,-124.14581,286.48,15.01
HU656,40.94946,-124.14545,288.53,15.0
HU657,40.95072,-124.14523,286.0,15.01
HU658,40.95214,-124.1449,284.47,15.0
HU659,40.95369,-124.14468,283.02,15.0
HU660,40.95553,-124.14439,283.48,15.0
L0172,33.71,-118.2437,154.28,10.37
L0173,33.70967,-118.245,188.08,14.41
L0174,33.70978,-118.24595,-999.99,8.29
L0175,33.70947,-118.24696,-999.99,4.06
L0176,33.70918,-118.24799,-999.99,13.88
L0177,33.70888,-118.249,-999.99,10.54
L0178,33.70858,-118.25002,-999.99,11.54
L0179,33.70827,-118.25104,180.0,12.81
L0180,33.70783,-118.25191,180.0,4.16
L0181,33.70767,-118.25306,-999.99,4.01
L0182,33.70709,-118.25377,136.45,6.01
L0183,33.70612,-118.25475,162.5,11.34
L0184,33.70612,-118.25585,160.94,8.33
L0185,33.70568,-118.25671,155.59,8.71
L0186,33.70554,-118.25793,163.97,10.27
L0187,33.70533,-118.25882,148.9,6.61
L0188,33.7046,-118.25983,163.74,10.47
L0189,33.70452,-118.26079,153.01,10.16
L0190,33.70401,-118.26166,151.37,8.57
L0191,33.70383,-118.26292,164.82,10.71
L0192,33.70345,-118.26373,150.23,8.31
L0193,33.70282,-118.26482,166.29,11.18
L0194,33.70267,-118.26588,166.11,8.73
L0195,33.70238,-118.267,171.35,8.87
L0196,33.70201,-118.26832,183.17,11.1
L0197,33.70237,-118.27003,210.09,10.01
L0198,33.70329,-118.27045,197.62,8.31
L0199,33.70335,-118.27167,203.3,12.35
L0200,33.703,-118.27329,209.67,9.98
L0201,33.70333,-118.27431,209.49,10.35
L0202,33.70374,-118.2753,210.14,10.01
L0203,33.70383,-118.27642,208.96,10.03
L0204,33.70356,-118.27783,208.97,10.01
L0205,33.70333,-118.27927,209.45,10.13
L0206,33.7031,-118.28055,208.5,10.0
L0207,33.70274,-118.28142,204.02,10.0
L0208,33.70274,-118.28142,194.85,10.0
L0209,33.70274,-118.28142,185.96,10.0
L0210,33.70274,-118.28142,177.25,10.0
L0211,33.70274,-118.28142,168.97,10.0
L0212,33.70274,-118.28142,161.05,10.0
L0213,33.70274,-118.28142,153.73,10.0
L0214,33.70274,-118.28142,146.47,10.0
L0215,33.70246,-118.2821,144.53,10.0
L0216,33.70293,-118.28398,146.03,10.01
L0217,33.70222,-118.28476,146.48,10.0
L0218,33.70187,-118.28678,156.96,10.01
L0219,33.70117,-118.28893,172.03,10.01
L0220,33.69917,-118.29044,178.02,9.48
L0221,33.69917,-118.29069,171.51,9.6
L0222,33.69918,-118.29101,165.5,10.02
L0223,33.70191,-118.29422,186.51,10.02
L0224,33.70312,-118.29691,224.06,10.05
L0225,33.70457,-118.29906,249.39,10.01
L0226,33.70524,-118.30055,251.59,10.02
L0227,33.70524,-118.30055,240.9,10.02
L0228,33.70524,-118.30055,230.23,10.02
L0229,33.70524,-118.30055,219.61,10.02
L0230,33.70524,-118.30055,209.3,10.02
L0231,33.70524,-118.30055,198.37,10.02
L0232,33.70524,-118.30055,187.61,10.02
L0331,33.73756,-118.38384,146.48,10.01
L0332,33.73769,-118.38551,149.89,10.01
L0333,33.73769,-118.38709,155.49,10.01
L0334,33.73757,-118.38879,167.98,10.4
L0335,33.73707,-118.38997,172.05,10.02
L0336,33.73705,-118.39008,155.1,10.05
L0337,33.73705,-118.39008,138.6,10.05
L0338,33.73675,-118.39158,148.47,10.08
L0339,33.73615,-118.39316,164.58,10.04
L0340,33.73593,-118.39404,160.87,10.09
L0341,33.73592,-118.39442,144.79,10.33
L0342,33.73568,-118.39525,138.45,10.0
L0343,33.73523,-118.39666,152.93,10.38
L0344,33.73433,-118.39821,175.12,11.55
L0345,33.73418,-118.40068,207.99,11.86
L0346,33.73518,-118.40294,233.98,10.03
L0347,33.73552,-118.40329,225.57,10.02
L0348,33.73595,-118.40392,221.54,10.05
L0349,33.7366,-118.40551,230.06,9.99
L0350,33.73728,-118.4063,231.0,10.03
L0351,33.73734,-118.40634,219.47,10.03
L0352,33.73734,-118.40634,207.28,10.03
L0353,33.73734,-118.40634,194.12,10.03
L0354,33.73768,-118.40649,183.1,10.0
L0355,33.73884,-118.4073,178.9,10.03
L0356,33.73908,-118.40832,177.21,10.04
L0357,33.73896,-118.40936,176.34,10.05
L0358,33.73854,-118.41105,189.52,11.98
L0359,33.73954,-118.41479,239.43,9.99
L0360,33.74197,-118.41467,267.49,10.06
L0361,33.74236,-118.41491,257.96,10.04
L0362,33.74261,-118.41508,245.88,10.0
L0363,33.74322,-118.4155,241.95,9.97
L0364,33.7439,-118.4162,241.45,10.04
L0365,33.74488,-118.4174,248.45,10.06
L0366,33.74696,-118.41737,268.53,10.06
L0367,33.74826,-118.41735,275.94,10.0
L0368,33.74843,-118.41728,263.28,10.0
L0369,33.74843,-118.41728,248.83,10.0
L0370,33.74933,-118.41747,249.47,10.04
L0371,33.75118,-118.41731,270.47,10.03
L0372,33.75219,-118.41741,273.49,10.06
L0373,33.75219,-118.41741,259.54,10.06
L0374,33.75219,-118.41741,247.65,10.06
L0375,33.75244,-118.4176,238.0,10.03
L0376,33.75327,-118.41809,238.88,10.13
L0377,33.75446,-118.4184,245.12,10.05
L0378,33.75527,-118.41917,247.53,11.35
L0379,33.756,-118.41981,246.94,10.08
L0380,33.75666,-118.42045,245.4,10.55
L0381,33.75736,-118.42078,242.56,10.04
L0382,33.75862,-118.42118,250.54,10.0
L0383,33.75938,-118.42267,255.26,10.01
L0384,33.75938,-118.42267,244.64,10.01
L0385,33.75938,-118.42267,233.92,10.01
L0386,33.75938,-118.42267,223.79,10.01
L0387,33.75938,-118.42267,212.9,10.01
L0388,33.76057,-118.4229,212.27,10.0
L0389,33.76182,-118.425,236.93,10.87
L0390,33.76319,-118.42654,253.37,9.99
L0391,33.76319,-118.42654,241.87,9.99
L0450,33.80331,-118.40208,343.55,10.0
L0451,33.80442,-118.40114,346.96,10.0
L0452,33.80564,-118.40051,345.59,10.01
L0453,33.80604,-118.40035,336.99,10.01
L0454,33.80667,-118.4,332.5,10.25
L0455,33.80718,-118.39964,328.03,10.01
L0456,33.80737,-118.39953,320.34,10.0
L0457,33.80737,-118.39953,311.29,10.0
L0458,33.80737,-118.39953,302.21,10.0
L0459,33.80756,-118.39928,295.45,9.99
L0460,33.80785,-118.39916,288.99,10.01
L0461,33.80822,-118.39899,283.45,10.01
L0462,33.8089,-118.39865,281.51,10.0
L0463,33.80981,-118.39854,281.52,10.0
L0464,33.8106,-118.3981,280.96,10.0
L0465,33.81143,-118.39749,281.04,10.0
L0466,33.81221,-118.39718,280.01,10.01
L0467,33.81311,-118.39681,280.48,10.01
L0468,33.81395,-118.39628,280.49,10.0
L0469,33.81471,-118.39599,278.98,10.01
L0470,33.81548,-118.39565,277.45,10.0
L0471,33.81633,-118.39545,276.96,10.0
L0472,33.8172,-118.39526,276.58,10.02
L0473,33.81808,-118.39512,276.44,10.0
L0474,33.81896,-118.39508,276.01,10.02
L0475,33.81957,-118.39512,271.5,10.02
L0476,33.82027,-118.39509,268.48,10.01
L0477,33.82114,-118.39508,268.0,10.01
L0478,33.82201,-118.3951,267.53,10.03
L0479,33.82294,-118.39516,268.0,10.0
L0480,33.8239,-118.39539,268.97,10.03
L0481,33.82484,-118.39553,269.57,10.01
L0482,33.82574,-118.39549,269.42,10.01
L0483,33.82664,-118.39553,269.42,10.02
L0484,33.82751,-118.39565,269.01,10.01
L0485,33.82845,-118.3957,269.58,10.02
L0486,33.82941,-118.39573,270.42,10.02
L0487,33.83045,-118.3955,272.47,10.01
L0488,33.83133,-118.39495,272.44,9.98
L0489,33.83224,-118.39411,273.02,10.04
L0490,33.83312,-118.39359,273.05,10.07
L0491,33.83401,-118.39299,273.49,10.09
L0492,33.83484,-118.39268,271.63,10.01
L0493,33.83575,-118.3931,271.6,10.02
L0494,33.83623,-118.39334,261.47,11.08
L0495,33.83656,-118.39335,248.06,10.05
L0496,33.83736,-118.39343,244.13,10.08
L0497,33.8378,-118.39352,229.92,10.0
L0498,33.83827,-118.39371,215.55,10.02
L0499,33.83902,-118.39429,212.26,9.98
L0500,33.8396,-118.39512,212.02,10.04
L0501,33.83965,-118.39618,207.07,9.99
L0502,33.83979,-118.39751,211.6,10.34
L0503,33.84182,-118.39751,250.14,10.17
L0504,33.84242,-118.3981,219.71,10.14
L0505,33.84281,-118.39917,229.88,10.76
L0506,33.84333,-118.39988,186.77,10.05
L0507,33.84421,-118.40043,-999.99,10.2
L0508,33.84435,-118.40266,245.5,10.02
L0509,33.84517,-118.40346,249.17,10.01
L0510,33.84616,-118.40408,254.93,10.18
L0511,33.84715,-118.4044,258.08,10.04
L0512,33.84844,-118.40475,269.49,10.01
L0513,33.85014,-118.40482,287.95,10.01
L0514,33.85221,-118.40527,303.51,10.01
L0515,33.85308,-118.40569,299.6,10.0
L0516,33.85308,-118.40569,290.39,10.0
L0517,33.85308,-118.40569,280.79,10.0
L0518,33.85308,-118.40569,270.35,10.0
L0519,33.85308,-118.40569,259.95,10.0
L0520,33.85345,-118.40593,254.05,10.0
L0521,33.8544,-118.40627,255.04,10.01
L0522,33.85542,-118.40664,256.96,10.0
L0523,33.85622,-118.40705,256.53,10.0
L0524,33.85712,-118.40744,257.05,10.0
L0525,33.85802,-118.40755,256.99,9.99
L0526,33.85886,-118.40779,256.53,10.0
L0527,33.85966,-118.40814,255.96,10.0
L0528,33.86053,-118.40823,255.51,10.0
L0529,33.8614,-118.40853,255.47,10.01
L0530,33.86223,-118.4088,255.01,10.01
L0531,33.8631,-118.4091,255.05,10.01
L0532,33.86375,-118.40934,252.56,10.01
L0533,33.86429,-118.40963,249.04,10.01
L0534,33.86508,-118.41,248.44,10.08
L0535,33.86597,-118.41042,249.04,10.0
L0536,33.86682,-118.41077,249.01,10.0
L0537,33.86766,-118.41102,248.52,10.01
L0538,33.86839,-118.41146,247.49,10.0
L0539,33.86917,-118.41191,247.03,10.01
L0540,33.87002,-118.41241,247.53,9.99
L0541,33.87084,-118.41273,247.03,10.0
L0542,33.87164,-118.41311,246.56,10.0
L0543,33.87257,-118.41364,247.98,10.02
L0544,33.87351,-118.41417,249.52,10.1
L0545,33.87443,-118.41458,250.49,10.01
L0546,33.87523,-118.41499,250.09,10.02
L0547,33.87608,-118.41535,250.06,10.01
L0548,33.8769,-118.41577,250.01,10.0
L0549,33.87774,-118.41616,249.97,10.01
L0550,33.87855,-118.41667,249.99,10.02
L0551,33.87911,-118.41699,247.0,10.01
L0552,33.87979,-118.4174,245.46,9.99
L0553,33.88062,-118.41784,245.52,10.0
L0554,33.88138,-118.41846,245.56,10.01
L0555,33.88218,-118.41895,245.52,10.0
L0556,33.88306,-118.41923,245.47,10.02
L0557,33.88384,-118.4198,245.53,10.01
L0558,33.88448,-118.42059,245.07,10.01
L0559,33.88534,-118.42091,244.99,10.0
L0560,33.8861,-118.42139,244.52,10.0
L0561,33.88686,-118.42197,244.47,10.01
L0562,33.88756,-118.42259,244.03,10.0
L0563,33.88835,-118.42325,244.51,10.01
L0564,33.88916,-118.42373,244.46,10.08
L0565,33.88999,-118.42417,244.52,10.06
L0566,33.89083,-118.42471,245.04,10.01
L0567,33.89174,-118.42559,247.06,10.0
L0568,33.89268,-118.42603,247.98,10.0
L0569,33.89345,-118.42644,247.49,10.0
L0570,33.89422,-118.42706,247.51,10.01
L0571,33.89524,-118.42725,248.48,10.0
L0572,33.8963,-118.42699,248.48,10.0
L0573,33.89718,-118.42709,248.03,10.01
L0574,33.89805,-118.42741,248.02,10.0
L0575,33.89891,-118.42773,247.92,10.0
L0576,33.89981,-118.42794,247.99,10.0
L0577,33.90065,-118.42819,247.5,10.0
L0578,33.90158,-118.42846,248.01,10.01
L0579,33.9024,-118.42879,247.51,9.99
L0580,33.90322,-118.4291,246.99,10.0
L0581,33.90408,-118.42957,247.5,10.01
L0582,33.90488,-118.43005,247.44,10.01
L0583,33.90566,-118.43066,247.5,10.01
L0584,33.90638,-118.4314,247.5,10.01
L0585,33.90706,-118.43193,246.46,10.01
L0586,33.9078,-118.43249,246.03,10.0
L0587,33.9085,-118.4331,245.52,10.0
L0588,33.90937,-118.43356,246.0,10.0
L0589,33.91035,-118.43356,245.97,10.01
L0590,33.9113,-118.43366,245.98,10.0
L0591,33.91217,-118.434,246.01,10.0
L0592,33.913,-118.4344,245.96,10.01
L0593,33.91385,-118.43477,246.0,10.0
L0594,33.91462,-118.43552,246.55,10.0
L0595,33.91521,-118.43642,245.98,10.0
L0596,33.91596,-118.43722,246.48,10.0
L0597,33.91661,-118.43784,245.5,10.0
L0598,33.91718,-118.43831,243.51,10.0
L0599,33.91801,-118.43872,243.52,10.0
L0600,33.91896,-118.43902,244.04,10.0
L0601,33.91992,-118.43913,244.05,10.0
L0602,33.92066,-118.43948,243.01,10.01
L0603,33.92139,-118.44059,244.54,10.0
L0604,33.92259,-118.4411,248.03,10.0
L0605,33.92362,-118.44177,250.47,10.0
L0606,33.92453,-118.44214,251.03,10.0
L0607,33.92546,-118.44218,250.95,10.0
L0608,33.92632,-118.44234,250.5,10.0
L0609,33.92696,-118.44287,249.04,10.0
L0610,33.9276,-118.4432,247.04,10.0
L0611,33.92831,-118.44347,245.48,10.0
L0612,33.92919,-118.44392,246.01,10.0
L0613,33.92998,-118.44429,245.51,10.0
L0614,33.93087,-118.4447,246.01,10.01
L0615,33.93174,-118.44501,245.99,10.0
L0616,33.93268,-118.44559,247.49,10.0
L0617,33.93359,-118.44642,249.47,10.01
L0618,33.93448,-118.44685,250.0,10.0
L0619,33.93491,-118.44709,246.01,10.01
L0620,33.93535,-118.44732,241.98,10.01
L0621,33.93591,-118.44756,239.01,10.0
L0622,33.936,-118.44762,231.34,10.0
L0623,33.93729,-118.44827,236.48,10.02
L0624,33.93888,-118.44921,245.5,10.0
L0625,33.93962,-118.44972,244.96,10.01
L0626,33.94046,-118.45013,244.97,9.99
L0627,33.94123,-118.45068,244.96,10.01
L0628,33.94205,-118.45101,244.45,10.0
L0629,33.94278,-118.45157,244.04,10.0
L0630,33.94357,-118.4521,244.04,10.0
L0631,33.94437,-118.45258,243.95,10.0
L0632,33.94512,-118.45321,243.99,10.0
L0633,33.94592,-118.45371,243.97,10.01
L0634,33.94674,-118.45419,244.06,10.01
L0635,33.94748,-118.45469,243.56,10.0
L0636,33.94831,-118.45508,243.49,10.01
L0637,33.94895,-118.45557,242.01,10.0
L0638,33.94962,-118.45609,241.03,10.01
L0639,33.95039,-118.45667,241.06,10.06
L0640,33.95114,-118.45715,240.53,10.01
L0641,33.952,-118.45763,241.01,10.0
L0642,33.95269,-118.45824,240.48,9.99
L0643,33.95344,-118.45898,241.03,9.99
L0644,33.9542,-118.45944,240.52,10.0
L0645,33.955,-118.45995,240.53,9.99
L0646,33.956,-118.46001,240.53,10.03
L0647,33.95591,-118.46167,237.99,10.26
L0648,33.95615,-118.46227,234.56,10.0
L0649,33.95681,-118.46301,234.5,9.99
L0650,33.95754,-118.46364,234.5,10.02
L0651,33.95836,-118.46426,235.02,10.0
L0652,33.95916,-118.46478,234.99,10.25
L0653,33.95996,-118.4653,235.03,10.01
L0654,33.96093,-118.46603,237.01,10.02
L0655,33.9626,-118.46667,244.0,10.15
L0656,33.96416,-118.46638,247.95,10.48
L0657,33.96501,-118.46711,249.02,10.0
L0658,33.96579,-118.46751,248.52,10.02
L0659,33.96655,-118.46815,248.5,10.01
L0660,33.9671,-118.4687,246.52,10.0
MO732,36.63854,-121.92963,18.15,15.02
MO733,36.63841,-121.9275,13.47,14.99
MO734,36.63733,-121.92501,34.08,14.99
MO735,36.6358,-121.92339,42.0,15.0
MO736,36.63437,-121.92159,52.44,15.03
MO737,36.63242,-121.91997,71.44,15.0
MO738,36.63055,-121.91953,77.52,15.0
MO739,36.62972,-121.9189,53.22,15.0
MO740,36.62886,-121.91809,33.22,15.0
MO741,36.62794,-121.91658,24.98,15.02
MO742,36.62706,-121.91435,50.48,15.0
MO743,36.62551,-121.91291,67.14,15.0
MO744,36.62545,-121.91284,25.88,15.0
MO745,36.62449,-121.91129,25.06,15.01
MO746,36.62346,-121.90919,35.26,15.01
MO747,36.62292,-121.90784,27.78,15.01
MO748,36.62291,-121.90743,348.05,15.0
MO749,36.62299,-121.90511,5.84,15.0
MO750,36.62143,-121.90274,49.01,15.02
MO751,36.61996,-121.90161,51.49,15.02
MO752,36.61907,-121.90035,45.52,15.0
MO753,36.61752,-121.89896,52.36,15.0
MO754,36.61628,-121.89744,56.35,15.01
MO755,36.61451,-121.89614,67.93,15.0
MO756,36.61287,-121.89543,73.45,15.02
MO757,36.6116,-121.89504,59.32,15.04
MO758,36.61028,-121.8942,51.24,14.99
MO759,36.60941,-121.8928,0.0,16.87
MO760,36.6089,-121.8907,-999.99,18.35
MO761,36.6078,-121.8893,-999.99,16.75
MO762,36.60663,-121.88837,42.93,15.0
MO763,36.60594,-121.8848,62.7,15.01
MO764,36.60594,-121.8848,47.03,15.01
MO765,36.60594,-121.8848,28.21,15.01
MO766,36.60594,-121.8848,8.88,15.01
MO767,36.60594,-121.8848,349.18,15.01
MO768,36.60575,-121.88215,352.46,15.0
MO769,36.60616,-121.88049,347.47,15.0
MO770,36.60602,-121.87848,343.54,15.0
MO771,36.60676,-121.87678,340.49,15.0
MO772,36.60722,-121.87569,330.01,14.99
MO773,36.60799,-121.87376,329.02,15.01
MO774,36.60897,-121.8719,328.97,15.0
MO775,36.61014,-121.87083,323.46,14.95
MO776,36.61086,-121.86884,322.97,15.0
MO777,36.6118,-121.86683,323.47,15.0
MO778,36.61296,-121.86536,322.02,14.99
MO779,36.61401,-121.86425,316.5,15.01
MO780,36.61538,-121.86244,318.54,15.0
MO781,36.6163,-121.86116,315.0,15.0
MO782,36.61686,-121.86051,303.48,15.01
MO783,36.61835,-121.85879,306.95,15.01
MO784,36.61996,-121.85722,310.49,15.01
MO785,36.6213,-121.85605,308.45,15.01
MO786,36.62282,-121.85474,309.04,15.0
MO787,36.62422,-121.85344,308.44,15.0
MO788,36.62553,-121.85206,306.53,15.0
MO789,36.6269,-121.85099,304.96,15.01
MO790,36.62821,-121.84953,304.51,15.0
MO791,36.62968,-121.84835,303.54,15.01
MO792,36.63108,-121.84716,302.45,15.0
MO793,36.63253,-121.84615,300.95,15.02
MO794,36.63402,-121.84521,299.03,15.0
MO795,36.63546,-121.84406,297.55,15.02
MO796,36.63705,-121.84305,297.49,15.01
MO797,36.6388,-121.84197,299.0,15.01
MO798,36.6404,-121.84088,300.0,15.0
MO799,36.64175,-121.83999,296.43,15.01
MO800,36.64319,-121.83902,294.99,15.01
MO801,36.64491,-121.83796,295.47,15.0
MO802,36.64658,-121.83691,296.45,15.01
MO803,36.64819,-121.83595,296.39,15.01
MO804,36.64975,-121.83504,295.57,15.01
MO805,36.6512,-121.83424,293.53,15.02
MO806,36.65273,-121.83338,291.48,15.0
MO807,36.65443,-121.83245,291.95,15.01
MO808,36.65627,-121.83146,295.03,15.0
MO809,36.65797,-121.8306,294.45,14.99
MO810,36.65932,-121.8299,290.95,15.01
MO811,36.66068,-121.82923,286.99,15.01
MO812,36.66256,-121.82835,289.98,14.99
MO813,36.6645,-121.82738,293.03,15.01
MO814,36.66601,-121.82675,291.01,15.01
MO815,36.6675,-121.82608,288.53,15.01
MO816,36.66927,-121.82532,289.52,15.0
MO817,36.67096,-121.82467,288.93,15.0
MO818,36.67272,-121.82399,289.54,15.02
MO819,36.67445,-121.82332,289.47,15.0
MO820,36.67583,-121.8228,285.45,15.01
MO821,36.6774,-121.82223,283.02,15.01
MO822,36.67929,-121.82158,285.55,15.0
MO823,36.68118,-121.82092,286.47,15.01
MO824,36.68295,-121.82041,287.01,15.01
MO825,36.68457,-121.81998,285.45,15.01
MO826,36.68612,-121.81957,282.56,15.01
MO827,36.68787,-121.81912,283.0,15.0
MO828,36.68955,-121.81874,281.49,15.0
MO829,36.69145,-121.81837,282.5,15.0
MO830,36.69324,-121.81799,283.02,15.03
MO831,36.69477,-121.81773,280.04,15.02
MO832,36.69653,-121.81744,280.49,15.0
MO833,36.69821,-121.81724,279.03,15.01
MO834,36.69988,-121.81718,277.51,15.0
MO835,36.70175,-121.81703,278.01,15.0
MO836,36.70351,-121.81691,277.47,15.0
MO837,36.70533,-121.8168,277.47,15.02
MO838,36.70714,-121.81655,277.51,15.0
MO839,36.70918,-121.81626,280.48,15.0
MO840,36.71109,-121.81607,281.01,15.0
MO841,36.7128,-121.81585,280.05,15.0
MO842,36.71442,-121.81582,279.0,15.01
MO843,36.71573,-121.81575,274.96,15.0
MO844,36.71736,-121.816,273.49,15.01
MO845,36.71919,-121.81634,273.52,15.01
MO846,36.72071,-121.81651,271.47,15.01
MO847,36.72245,-121.81682,271.02,15.01
MO848,36.72464,-121.81715,273.52,14.99
MO849,36.72673,-121.81783,275.0,15.01
MO850,36.72831,-121.81831,273.48,15.01
MO851,36.72968,-121.81862,271.0,15.0
MO852,36.7313,-121.81883,270.0,15.0
MO853,36.73339,-121.81937,271.52,15.0
MO854,36.7351,-121.81969,271.01,15.0
MO855,36.7367,-121.82008,270.0,15.0
MO856,36.7387,-121.82043,270.96,15.0
MO857,36.74083,-121.82079,272.48,14.98
MO858,36.74243,-121.82108,271.5,15.0
MO859,36.74445,-121.82117,272.49,15.0
MO860,36.74683,-121.82136,274.99,15.0
MO861,36.74865,-121.82143,274.99,15.0
MO862,36.75045,-121.82127,274.98,15.0
SF001,37.70836,-122.50968,256.55,10.0
SF002,37.71019,-122.51035,256.96,10.02
SF003,37.71192,-122.51091,257.52,10.01
SF004,37.71359,-122.51134,255.98,10.01
SF005,37.71545,-122.51185,257.54,10.01
SF006,37.71733,-122.51248,258.52,10.01
SF007,37.71922,-122.51298,259.52,10.01
SF008,37.72085,-122.5135,259.03,10.01
SF009,37.72285,-122.51411,261.03,9.99
SF010,37.72489,-122.51462,263.53,10.0
SF011,37.72675,-122.51488,264.05,10.01
SF012,37.72859,-122.51523,264.51,10.01
SF013,37.7306,-122.51571,266.52,10.01
SF014,37.73262,-122.5161,268.48,10.01
SF015,37.73442,-122.51637,268.53,10.01
SF016,37.73596,-122.51669,266.5,10.01
SF017,37.7375,-122.51699,264.5,9.99
SF018,37.73917,-122.51718,263.48,10.0
SF019,37.74104,-122.5175,264.04,10.03
SF020,37.74289,-122.51775,264.46,10.0
SF021,37.74493,-122.5183,266.46,10.01
SF022,37.74665,-122.51874,266.0,10.0
SF023,37.74811,-122.51886,263.49,10.0
SF024,37.74969,-122.519,262.5,10.0
SF025,37.75129,-122.51926,261.0,10.0
SF026,37.75313,-122.51988,261.48,10.0
SF027,37.75526,-122.52038,263.98,10.01
SF028,37.75677,-122.52065,261.98,10.02
SF029,37.75892,-122.52074,265.0,10.01
SF030,37.76092,-122.52083,266.5,10.01
SF031,37.76287,-122.52068,267.48,10.02
SF032,37.76519,-122.52038,271.48,10.0
SF033,37.76649,-122.52007,267.5,10.02
SF034,37.76788,-122.52,264.02,9.89
SF035,37.76984,-122.5207,265.55,10.0
SF036,37.77185,-122.52173,267.5,10.01
SF037,37.77283,-122.52173,261.52,10.0
SF038,37.77317,-122.52174,251.14,10.02
SF039,37.77317,-122.52174,238.52,10.02
SF040,37.77704,-122.52201,255.46,10.0
SF041,37.78138,-122.52119,280.06,10.02
SF042,37.78286,-122.51707,295.99,10.01
SF043,37.7839,-122.51468,305.41,10.0
SF044,37.78488,-122.51302,317.91,10.04
SF045,37.78637,-122.51152,324.64,10.04
SF046,37.78728,-122.51001,317.32,10.02
SF047,37.78833,-122.50783,324.49,8.22
SF048,37.78847,-122.50533,356.33,10.04
SF049,37.78838,-122.50307,4.84,9.99
SF050,37.78846,-122.50084,348.82,10.01
SF051,37.78868,-122.49878,1.89,10.0
SF052,37.7889,-122.49673,2.11,9.99
SF053,37.7891,-122.49512,348.1,10.0
SF054,37.78964,-122.49329,355.33,10.0
SF055,37.78989,-122.49203,335.19,9.99
SF056,37.79062,-122.49004,339.04,9.99
SF057,37.79131,-122.48815,338.54,10.0
SF058,37.79193,-122.48737,311.99,10.03
SF059,37.79301,-122.48647,299.38,10.05
SF060,37.79439,-122.48605,289.98,10.02
SF061,37.79605,-122.48534,289.11,10.0
SF062,37.7975,-122.48451,280.98,10.01
SF063,37.79924,-122.48387,287.48,10.03
SF064,37.80109,-122.483,293.49,9.99
SF065,37.80252,-122.48228,287.56,10.02
SF066,37.80409,-122.48181,284.43,10.03
SF067,37.80571,-122.48125,281.5,10.01
SF068,37.80745,-122.48115,279.49,10.04
SF069,37.80916,-122.48079,281.02,10.0
SF070,37.81147,-122.47805,344.09,9.98
SF071,37.8108,-122.4763,-999.99,21.54
SF072,37.8094,-122.4753,-999.99,12.12
SF073,37.8092,-122.4731,-999.99,15.4
SF074,37.8088,-122.4708,-999.99,15.09
SF075,37.8082,-122.46914,22.11,10.01
SF076,37.80818,-122.46632,31.49,10.03
SF077,37.80798,-122.46401,29.13,9.99
SF078,37.80784,-122.46326,7.5,10.0
SF079,37.80754,-122.462,353.42,10.0
SF080,37.80667,-122.45943,359.14,10.63
SF081,37.80584,-122.45718,3.77,10.13
SF082,37.80602,-122.45508,343.97,10.04
SF083,37.80619,-122.4528,0.0,10.0
SF084,37.80659,-122.45057,349.2,10.19
SF085,37.807,-122.44848,342.46,10.04
SF086,37.8076,-122.4464,-999.99,13.6
SF087,37.8077,-122.4441,-999.99,11.88
SF088,37.80811,-122.4419,0.0,10.4
SF089,37.8089,-122.44,-999.99,15.9
SL040,35.04565,-120.64463,278.53,15.0
SL041,35.04691,-120.64459,275.51,15.0
SL042,35.04915,-120.64422,277.99,15.0
SL043,35.0507,-120.64417,276.98,15.03
SL044,35.05204,-120.64397,274.02,15.0
SL045,35.05384,-120.64387,274.52,15.01
SL046,35.05525,-120.64355,272.47,15.0
SL047,35.0575,-120.64329,274.99,15.01
SL048,35.0596,-120.64331,276.48,15.0
SL049,35.06141,-120.64318,276.5,15.01
SL050,35.06275,-120.64302,273.99,15.0
SL051,35.06408,-120.64281,271.52,15.0
SL052,35.06606,-120.64264,272.51,15.01
SL053,35.06758,-120.64264,270.97,15.0
SL054,35.0692,-120.64249,270.0,15.0
SL055,35.07109,-120.64234,270.5,15.0
SL056,35.07253,-120.64221,268.49,15.0
SL057,35.07486,-120.6421,271.48,15.0
SL058,35.07711,-120.64198,274.01,15.0
SL059,35.07793,-120.64197,268.48,15.01
SL060,35.0793,-120.64198,266.02,15.0
SL061,35.08137,-120.64188,267.51,15.0
SL062,35.08343,-120.64181,269.0,15.0
SL063,35.0854,-120.64177,270.0,15.0
SL064,35.08678,-120.64175,267.52,15.0
SL065,35.08834,-120.64172,266.03,15.0
SL066,35.09031,-120.64174,267.03,15.01
SL067,35.09194,-120.64184,266.0,15.0
SL068,35.09399,-120.64198,267.5,15.01
SL069,35.0962,-120.64214,270.0,15.01
SL070,35.09758,-120.64222,267.49,15.0
SL071,35.09913,-120.64234,265.98,15.0
SL072,35.10069,-120.64244,264.54,15.0
SL073,35.10181,-120.64255,260.96,15.0
SL074,35.10363,-120.6428,260.97,15.0
SL075,35.10584,-120.64312,263.47,15.01
SL076,35.10804,-120.64351,265.99,15.0
SL077,35.10904,-120.64371,261.26,15.01
SL078,35.11033,-120.64394,258.01,15.01
SL079,35.11227,-120.64441,259.5,15.01
SL080,35.11406,-120.64488,259.5,15.01
SL081,35.11559,-120.64529,258.51,14.99
SL082,35.1169,-120.64565,255.51,15.0
SL083,35.11859,-120.64631,255.52,15.0
SL084,35.12037,-120.6469,255.52,14.99
SL085,35.12142,-120.64726,251.51,15.0
SL086,35.1224,-120.64775,247.01,15.01
SL087,35.1241,-120.64864,247.53,15.01
SL088,35.12564,-120.6496,246.97,15.0
SL089,35.12689,-120.65044,245.0,15.0
SL090,35.12843,-120.65161,244.52,15.01
SL091,35.12989,-120.65311,244.97,15.0
SL092,35.13123,-120.65443,244.5,15.0
SL093,35.13267,-120.65611,244.53,15.0
SL094,35.13383,-120.65782,244.01,15.0
SL095,35.13487,-120.65926,242.49,15.0
SL096,35.13571,-120.66048,240.0,15.0
SL097,35.13593,-120.6609,234.04,15.0
SL098,35.13593,-120.6609,226.43,15.0
SL099,35.13593,-120.6609,219.35,15.0
SL100,35.13593,-120.6609,212.28,15.0
SL101,35.13741,-120.66294,214.51,15.0
SL102,35.13878,-120.66467,216.19,15.0
SL103,35.13878,-120.66467,208.67,15.0
SL104,35.13878,-120.66467,201.63,15.0
SL105,35.13878,-120.66467,194.36,15.0
SL106,35.13878,-120.66467,188.35,15.0
SL107,35.13878,-120.66467,181.52,15.0
SL108,35.13878,-120.66467,174.57,15.0
SL109,35.14063,-120.66978,187.01,15.0
SL110,35.14217,-120.67359,197.69,15.0
SL111,35.14217,-120.67359,189.48,15.0
SL112,35.14305,-120.67794,200.0,15.0
SL113,35.14244,-120.6853,216.53,15.0
SL114,35.14309,-120.68862,220.02,15.0
SL115,35.14383,-120.68999,218.86,15.0
SL116,35.14383,-120.68999,212.84,15.0
SL117,35.14383,-120.68999,206.97,15.0
SL118,35.145,-120.69234,210.51,14.55
SL119,35.14699,-120.69351,211.88,15.0
SL120,35.15008,-120.69682,221.51,15.0
SL121,35.15203,-120.70238,232.99,15.0
SL122,35.15245,-120.70344,229.51,15.0
SL123,35.15274,-120.7038,224.6,15.0
SL124,35.15448,-120.70584,227.02,15.02
SL125,35.15622,-120.70728,228.03,15.0
SL126,35.15692,-120.70753,223.5,15.0
SL127,35.15809,-120.70916,223.49,15.0
SL128,35.15857,-120.71018,220.33,15.01
SL129,35.15857,-120.71018,213.78,15.01
SL130,35.15857,-120.71018,207.23,15.01
SL131,35.15931,-120.71135,205.0,15.0
SL132,35.15986,-120.71244,202.15,15.0
SL133,35.15986,-120.71244,195.32,15.0
SL134,35.15986,-120.71244,188.47,15.0
SL135,35.15986,-120.71244,182.24,15.0
SL136,35.15986,-120.71244,176.33,15.0
SL137,35.15986,-120.71244,170.0,15.0
SL138,35.15986,-120.71244,167.39,15.0
SL139,35.16179,-120.71786,180.98,15.0
SL140,35.1625,-120.72198,188.85,15.03
SL141,35.1625,-120.72198,181.39,15.03
SL142,35.1625,-120.72198,174.0,15.03
SL143,35.16416,-120.72901,195.51,15.0
SL144,35.16448,-120.73693,216.75,15.0
SL145,35.16448,-120.73693,209.31,15.0
SL146,35.16448,-120.73693,202.29,15.0
SL147,35.16448,-120.73693,195.11,15.0
SL148,35.16448,-120.73693,187.74,15.0
SL149,35.16448,-120.73693,180.75,15.0
SL150,35.16448,-120.73693,173.69,15.0
SL151,35.16415,-120.73788,169.49,15.01
SL152,35.16397,-120.7386,165.51,15.0
SL153,35.16397,-120.7386,159.21,15.0
SL154,35.16397,-120.7386,152.85,15.0
SL155,35.16397,-120.7386,146.78,15.0
SL156,35.16397,-120.7386,140.8,15.0
SL157,35.16397,-120.7386,134.65,15.0
SL158,35.16397,-120.7386,129.1,15.0
SL159,35.16397,-120.7386,123.28,15.0
SL160,35.16397,-120.7386,117.23,15.0
SL161,35.16397,-120.7386,111.95,15.0
SL162,35.16397,-120.7386,105.35,15.0
SL163,35.16397,-120.7386,98.9,15.0
SL164,35.16397,-120.7386,92.49,15.0
SL165,35.16219,-120.74368,93.47,15.0
SL166,35.15755,-120.74766,116.03,15.0
SL167,35.15095,-120.7523,155.5,15.01
SL168,35.15334,-120.75988,182.0,15.01
SL169,35.15449,-120.76386,197.93,15.0
SL170,35.15447,-120.76716,204.02,15.01
SL171,35.15459,-120.76939,202.99,15.0
SL172,35.15588,-120.77203,209.05,15.0
SL173,35.15741,-120.77435,213.5,15.01
SL174,35.15877,-120.77658,217.48,15.0
SL175,35.15983,-120.77904,221.02,15.0
SL176,35.16012,-120.7796,212.69,15.0
SL177,35.16023,-120.77975,201.47,15.0
SL178,35.16275,-120.78297,215.96,15.0
SL179,35.16578,-120.78706,240.01,15.01
SL180,35.16683,-120.78891,241.68,15.0
SL181,35.16735,-120.7895,234.01,15.01
SL182,35.16909,-120.791,238.49,15.01
SL183,35.17025,-120.79231,238.01,15.01
SL184,35.17025,-120.79231,226.9,15.01
SL185,35.17025,-120.79231,215.43,15.01
SL186,35.17025,-120.79231,204.39,15.01
SL187,35.17025,-120.79231,193.05,15.01
SL188,35.17025,-120.79231,181.64,15.01
SL189,35.17313,-120.7974,206.52,15.0
SL190,35.17537,-120.80166,228.58,15.0
SL191,35.17537,-120.80166,216.0,15.0
SL192,35.17537,-120.80166,202.2,15.0
SL193,35.17573,-120.80408,203.96,15.01
SL194,35.17541,-120.80763,209.5,15.01
SL195,35.17534,-120.80803,200.44,15.0
